,Strain,Expansion,Crisis
Strain,0.9730929124019726,0.02690708759802741,0.0
Expansion,0.03104409300693484,0.9689559069930652,0.0
Crisis,1.0,2.288698538609655e-20,0.0
